Item Type,ID,Display ID,Status,Clinical Lead / Owner,Blueprint Bundle,Ref,Title / Summary,Description,Category,Likelihood (1-5),Consequence (1-5),Risk Score,Treatment / Action Plan,Target Date,Date Raised,Last Updated
Risk,AUR-RSK-001,01,Active,Marcus Chen,Bundle H (Core Infra),1.10b,Sovereign Enclave Hardware Interconnect Latency,Dedicated fiber cross-connect lead times may compress network validation window prior to Phase 1 cutover.,Engineering/Platform,2,3,6,Staged redundant optical interconnects and pre-provisioned dark fiber lines.,30-Sep-2026,15-May-2026,2026-08-07
Risk,AUR-RSK-002,02,Active,Elena Rostova,Bundle D (AI Platform),1.8b,Vertex AI Foundation Model Fine-Tuning Enclave Quotas,On-premise GPU cluster capacity allocation delays could delay fine-tuning pipeline benchmark tests.,Engineering/Platform,2,4,8,Dynamic GPU scheduling and multi-tenant quota elasticity across training clusters.,30-Sep-2026,15-May-2026,2026-08-07
Risk,AUR-RSK-003,03,Active,Sarah Jenkins,Bundle B (Security & ATO),1.6 GFF,Zero-Trust Identity Federation & mTLS Policy Drift,Cross-domain certificate authority rotation rules could cause intermittent auth failures during service mesh failover.,Security/Compliance,2,2,4,Automated cert-manager rotation pipeline and continuous policy compliance probers.,30-Sep-2026,15-May-2026,2026-08-07
Risk,AUR-RSK-004,04,Active,David Vance,Bundle A (Architecture),1.2b,Customer Stakeholder Sign-Off on Milestone 1 Deliverables,Formal verification artefact review cycle taking longer than the 10-day contractual approval SLA.,Governance,4,3,12,Embedded technical working group with weekly delta review sessions.,30-Sep-2026,15-May-2026,2026-08-07
Risk,AUR-RSK-005,05,Active,Liam Patel,Bundle C (Data Pipeline),1.4c,High-Throughput Data Diode Serialization Bottleneck,Unidirectional optical data diode buffer overrun during peak batch ingestion bursts.,Engineering/Platform,2,3,6,Adaptive backpressure queueing and partitioned micro-batch stream compression.,30-Sep-2026,15-May-2026,2026-08-07
Risk,AUR-RSK-006,06,Active,Sarah Jenkins,Bundle B (Clinical Security & HIPAA),1.6 GFF,Continuous Clinical Data Protection & HIPAA Accreditation,Independent healthcare compliance assessors requiring additional telemetry evidence for patient record access auditing.,Security/Compliance,2,3,6,Pre-populated HIPAA compliance control mapping and daily automated evidence export.,30-Sep-2026,15-May-2026,2026-08-07
Risk,AUR-RSK-007,07,Active,David Vance,Bundle A (Architecture),1.14,System Requirements Review (SRR) Scope Expansion,Stakeholder requested additional multi-region failover criteria for Capability Drop 1.5.,Schedule,4,4,16,Formal glide path baseline alignment separating CD1.0 MVP from CD1.5 enhancements.,30-Sep-2026,15-May-2026,2026-08-07
Risk,AUR-RSK-008,08,Active,Liam Patel,Bundle C (Data Pipeline),1.4c,Legacy Relational DB CDC Schema Compatibility,Source database binary log format shifts during live replication into sovereign lakehouse.,Engineering/Platform,2,2,4,Schema registry with backward-compatible Avro serialization and schema enforcement.,30-Sep-2026,15-May-2026,2026-08-07
Risk,AUR-RSK-009,09,Active,Elena Rostova,Bundle D (AI Platform),1.8b,Vector Database Index Rebuild Memory Squeeze,High-dimensional embeddings re-indexing exceeds allocated worker RAM during daily refresh.,Engineering/Platform,1,2,2,HNSW graph quantization and distributed worker partition pool.,30-Sep-2026,15-May-2026,2026-08-07
Risk,AUR-RSK-010,10,Active,Sarah Jenkins,Bundle B (Security & ATO),1.6 GFF,Key Management Service (HSM) HSM Firmware Patch Lag,Hardware security module vendor release schedule conflicts with planned quarterly maintenance window.,Security/Compliance,1,2,2,Dual-HSM cluster active-passive rolling update protocol with failover testing.,30-Sep-2026,15-May-2026,2026-08-07
Risk,AUR-RSK-011,11,Active,Elena Rostova,Bundle D (AI Platform),1.8b,Model Serving P99 Latency under Concurrency Spikes,Large language model inference server request queuing during simultaneous batch jobs.,Engineering/Platform,2,3,6,vLLM continuous batching and PagedAttention memory optimization.,30-Sep-2026,15-May-2026,2026-08-07
Risk,AUR-RSK-012,12,Active,Marcus Chen,Bundle H (Core Infra),1.10b,Cross-Zone Storage Replication Synchronization,Block storage asynchronous volume mirror lag during heavy I/O workloads.,Engineering/Platform,1,2,2,QoS rate limiting and parallel data stream pipelines.,30-Sep-2026,15-May-2026,2026-08-07
Risk,AUR-RSK-013,13,Active,David Vance,Bundle A (Architecture),1.2b,Disaster Recovery Automated Failover Orchestration,DNS failover TTL propagation delays during simulated site disaster drill.,Architecture,2,3,6,Anycast IP routing and automated health-checked BGP route withdrawal.,30-Sep-2026,15-May-2026,2026-08-07
Risk,AUR-RSK-014,14,Active,Sarah Jenkins,Bundle B (Security & ATO),1.6 GFF,Secret Management Vault Replication Split-Brain,Network partition during multi-datacenter Vault cluster Raft leader election.,Security/Compliance,1,3,3,5-node odd quorum deployment with tiebreaker witness node.,30-Sep-2026,15-May-2026,2026-08-07
Risk,AUR-RSK-015,15,Active,Aron Ward,Bundle H (Core Infra),1.10b,Automated Patch Management Rollback Verification,OS kernel security patch causes regression in proprietary network driver module.,Engineering/Platform,2,2,4,Canary deployment rings and automated health-metric rollback.,30-Sep-2026,15-May-2026,2026-08-07
Risk,AUR-RSK-016,16,Active,Tom Trobe,Bundle D (AI Platform),1.8b,Air-Gapped Container Registry Sync Latency,Offline tarball export/import process delays deployment of updated AI base images.,Supply Chain/Delivery,2,2,4,Automated differential image chunking and verified manifest bundle signing.,30-Sep-2026,15-May-2026,2026-08-07
Risk,AUR-RSK-017,17,Active,Elena Rostova,Bundle D (AI Platform),1.8b,Enterprise Search RAG Chunking Context Loss,Fixed-size PDF chunking truncates complex tabular financial disclosures.,Engineering/Platform,1,2,2,Semantic markdown-aware document parser with layout table extraction.,30-Sep-2026,15-May-2026,2026-08-07
Risk,AUR-RSK-018,18,Active,David Vance,Bundle A (Architecture),1.2b,Contractual Acceptance Criteria Ambiguity for Milestone 2,Differing interpretations between parties on test coverage benchmark metrics.,Governance,2,3,6,Jointly signed Verification & Validation (V&V) Matrix and acceptance checklist.,30-Sep-2026,15-May-2026,2026-08-07
Risk,AUR-RSK-019,19,Closed,Marcus Chen,Bundle H (Core Infra),1.10b,Network Time Protocol (NTP) Precision Drift Across Enclaves,Hardware clock skew between isolated security domains affects distributed transaction order.,Engineering/Platform,1,2,2,Stratum 1 PTP atomic clock master units deployed across all enclave sites.,Completed,15-May-2026,2026-08-07
Risk,AUR-RSK-020,20,Closed,Tom Trobe,Bundle E (Governance & Ops),1.12,Telemetry Metric Cardinality Explosion,High-cardinality custom metrics degrade Prometheus query response times.,Engineering/Platform,1,2,2,Metric relabeling rules and automated aggregation recording rules.,Completed,15-May-2026,2026-08-07
Risk,AUR-RSK-021,21,Active,Sarah Jenkins,Bundle B (Security & ATO),1.6 GFF,Multi-Tenant Network Microsegmentation Policy Clashes,Calico network policies inadvertently block inter-enclave gRPC telemetry.,Security/Compliance,2,2,4,Automated policy simulation test suite running in CI pipeline before deployment.,30-Sep-2026,15-May-2026,2026-08-07
Risk,AUR-RSK-022,22,Active,Elena Rostova,Bundle D (AI Platform),1.8b,AI Evaluation Benchmark Dataset Bias Drift,Domain shift in quarterly ground truth evaluation datasets reduces model evaluation validity.,Governance,1,2,2,Continuous stratified dataset sampling and multi-rater consensus scoring.,30-Sep-2026,15-May-2026,2026-08-07
Risk,AUR-RSK-023,23,Active,Sarah Jenkins,Bundle B (Security & ATO),1.6 GFF,Backup Snapshot Encryption Key Rotation Friction,Historical snapshot restoration test fails due to expired intermediate key alias.,Security/Compliance,1,2,2,Automated monthly disaster recovery restoration drills verifying key lineage.,30-Sep-2026,15-May-2026,2026-08-07
Issue / Escalation,AUR-ISS-001,ISS-01,Active,David Vance,Bundle A (Architecture),1.2b,Milestone 1 Deliverables Client Approval Pending,Final sign-off on System Requirements Plan and Architecture Specification delayed by 12 days awaiting legal review.,Schedule,-,-,Critical,Convene emergency review board with customer commercial leads to unblock formal sign-off.,-,20-Jul-2026,07-Aug-2026
Issue / Escalation,AUR-ISS-002,ISS-02,Active,Marcus Chen,Bundle H (Core Infra),1.10b,Primary Data Center Optical Interconnect Delivery Hold,Hardware provider notified of 14-day hold on custom fiber patch panels for Facility E.01.,Schedule,-,-,High,Deploy temporary high-density pre-terminated cabling harness to enable test/dev onboarding.,-,20-Jul-2026,07-Aug-2026
Issue / Escalation,AUR-ISS-003,ISS-03,Active,Sarah Jenkins,Bundle B (Clinical Security & HIPAA),1.6 GFF,Independent Clinical Security Assessor Telemetry Access Delay,Clinical security auditor credentials undergoing final validation before hospital audit portal login is provisioned.,Schedule,-,-,High,Deliver offline redacted compliance evidence pack and schedule in-person audit walkthrough.,-,20-Jul-2026,07-Aug-2026
Issue / Escalation,AUR-ISS-004,ISS-04,Active,Elena Rostova,Bundle D (AI Platform),1.8b,GPU Training Node Thermal Throttling in Rack 4,High-density compute chassis exhaust temp exceeded 42°C threshold under sustained FP8 matrix training.,Schedule,-,-,Medium,Rebalance workload across Adjacent Rack 5 and increase rear-door heat exchanger coolant flow rate.,-,20-Jul-2026,07-Aug-2026
Issue / Escalation,AUR-ISS-005,ISS-05,Active,Liam Patel,Bundle C (Data Pipeline),1.4c,CDC Data Pipeline Ingestion Backlog on Legacy Sybase Tables,Sybase database replication log reader falling behind by 45 minutes during nightly batch reconciliation.,Schedule,-,-,Medium,Implement partitioned parallel read streams and optimize Sybase transaction log segment allocation.,-,20-Jul-2026,07-Aug-2026
Issue / Escalation,AUR-ISS-006,ISS-06,Resolved,Tom Trobe,Bundle B (Security & ATO),1.6 GFF,Cross-Domain Proxy TLS Handshake Renegotiation Failure,Certain legacy client SDKs failing handshake when TLS 1.3 session tickets expire.,Schedule,-,-,Low,Updated envoy proxy TLS configuration to permit session resumption fallback.,-,20-Jul-2026,07-Aug-2026
Issue / Escalation,AUR-ISS-007,ISS-07,Closed,Aron Ward,Bundle E (Governance & Ops),1.12,Automated Test Harness Flakiness in Multi-Region Mesh Probers,Synthetic probers reporting false packet drop alerts due to test runner CPU starvation.,Schedule,-,-,Low,Allocated dedicated guaranteed CPU cores to test runner worker daemonsets.,-,20-Jul-2026,07-Aug-2026
Issue / Escalation,AUR-ISS-008,ISS-08,Active,David Vance,Bundle A (Architecture),1.14,Contractual Scope Baseline Misalignment for CD1.5 Gateway,Differing interpretations of sovereign enclave data boundary requirements between steering groups.,Schedule,-,-,High,Formalize System Requirements Review (SRR) glide path to align milestone definitions.,-,20-Jul-2026,07-Aug-2026
Issue / Escalation,AUR-ISS-009,ISS-09,Active,Elena Rostova,Bundle D (AI Platform),1.8b,Vector Search Shard Rebalancing Latency Spike,Live re-indexing causes temporary 200ms latency increase for interactive analyst query sessions.,Schedule,-,-,Medium,Schedule vector shard defragmentation and re-indexing exclusively during off-peak maintenance windows.,-,20-Jul-2026,07-Aug-2026
Issue / Escalation,AUR-ISS-010,ISS-10,Active,Sarah Jenkins,Bundle B (Security & ATO),1.6 GFF,Enclave Monitoring Agent CPU Utilization Above 3% SLA,eBPF security prober consuming 4.2% CPU on edge ingress nodes.,Schedule,-,-,Low,Filter unmonitored socket events at kernel level to reduce ring buffer dispatch frequency.,-,20-Jul-2026,07-Aug-2026
Issue / Escalation,AUR-ISS-011,ISS-11,Active,Liam Patel,Bundle C (Data Pipeline),1.4c,Object Storage S3 Gateway Multi-Part Upload Timeout,Large dataset archive uploads (>50GB) timing out on slow sovereign edge connections.,Schedule,-,-,Medium,Increase chunk upload timeout and enable client-side adaptive chunk sizing.,-,20-Jul-2026,07-Aug-2026
